{"Loss": 703.011962890625, "MAE": 13.762943964895543, "RMSE": 26.51437276064861, "R-squared": -1.3252302242071916e+24, "Adj R-squared": -1.330893601233718e+24}